name,district,party,age,email
Andrzej Adamczyk,13 Kraków,PiS,2020,Andrzej.Adamczyk@sejm.pl
Piotr Adamowicz,25 Gdańsk,KO,1997,Piotr.Adamowicz@sejm.pl
Adam Andruszkiewicz,24 Białystok,PiS,1993,Adam.Andruszkiewicz@sejm.pl
Waldemar Andzel,32 Katowice,PiS,2006,Waldemar.Andzel@sejm.pl
Dorota Arciszewska-Mielewczyk,26 Słupsk,PiS,2007,Dorota.Arciszewska-Mielewczyk@sejm.pl
Jan Krzysztof Ardanowski,5 Toruń,PiS,2012,Jan.Ardanowski@sejm.pl
Iwona Ewa Arent,35 Olsztyn,PiS,2019,Iwona.Arent@sejm.pl
Bartosz Arłukowicz,40 Koszalin,KO,1993,Bartosz.Arlukowicz@sejm.pl
Marek Ast,8 Zielona Góra,PiS,1996,Marek.Ast@sejm.pl
Urszula Augustyn,15 Tarnów,KO,2022,Urszula.Augustyn@sejm.pl
Piotr Babinetz,22 Krosno,PiS,2014,Piotr.Babinetz@sejm.pl
Ryszard Bartosik,37 Konin,PiS,2013,Ryszard.Bartosik@sejm.pl
Władysław Bartoszewski,19 Warszawa,PSL-TD,2001,Wladyslaw.Bartoszewski@sejm.pl
Barbara Bartuś,14 Nowy Sącz,PiS,2020,Barbara.Bartus@sejm.pl
Paweł Bejda,11 Sieradz,PSL-TD,2010,Pawel.Bejda@sejm.pl
Konrad Berkowicz,13 Kraków,Konfederacja,1996,Konrad.Berkowicz@sejm.pl
Sylwia Bielawska,2 Wałbrzych,KO,1996,Sylwia.Bielawska@sejm.pl
Marek Biernacki,26 Słupsk,PSL-TD,1995,Marek.Biernacki@sejm.pl
Paweł Bliźniuk,9 Łódź,KO,2012,Pawel.Blizniuk@sejm.pl
Mariusz Błaszczak,20 Warszawa,PiS,2004,Mariusz.Blaszczak@sejm.pl
Mateusz Bochenek,32 Katowice,KO,2011,Mateusz.Bochenek@sejm.pl
Rafał Bochenek,12 Kraków,PiS,2009,Rafal.Bochenek@sejm.pl
Izabela Bodnar,3 Wrocław,Polska2050-TD,2010,Izabela.Bodnar@sejm.pl
Jacek Bogucki,24 Białystok,PiS,2010,Jacek.Bogucki@sejm.pl
Zbigniew Bogucki,41 Szczecin,PiS,1998,Zbigniew.Bogucki@sejm.pl
Krzysztof Bojarski,6 Lublin,KO,2012,Krzysztof.Bojarski@sejm.pl
Joanna Borowiak,5 Toruń,PiS,2003,Joanna.Borowiak@sejm.pl
Kamil Bortniczuk,16 Płock,PiS,2012,Kamil.Bortniczuk@sejm.pl
Piotr Borys,1 Legnica,KO,2013,Piotr.Borys@sejm.pl
Bożena Borys-Szopa,29 Katowice,PiS,2012,Bozena.Borys-Szopa@sejm.pl
Marcin Bosacki,39 Poznań,KO,2018,Marcin.Bosacki@sejm.pl
Karina Anna Bosak,20 Warszawa,Konfederacja,2015,Karina.Bosak@sejm.pl
Krzysztof Bosak,24 Białystok,Konfederacja,2010,Krzysztof.Bosak@sejm.pl
Grzegorz Braun,23 Rzeszów,Konfederacja,2012,Grzegorz.Braun@sejm.pl
Krzysztof Brejza,4 Bydgoszcz,KO,2007,Krzysztof.Brejza@sejm.pl
Agnieszka Buczyńska,25 Gdańsk,Polska2050-TD,2001,Agnieszka.Buczynska@sejm.pl
Waldemar Buda,9 Łódź,PiS,2002,Waldemar.Buda@sejm.pl
Borys Budka,31 Katowice,KO,2012,Borys.Budka@sejm.pl
Elżbieta Burkiewicz,23 Rzeszów,Polska2050-TD,2006,Elzbieta.Burkiewicz@sejm.pl
Lidia Burzyńska,28 Częstochowa,PiS,1996,Lidia.Burzynska@sejm.pl
Marek Jan Chmielewski,2 Wałbrzych,KO,2017,Marek.Chmielewski@sejm.pl
Zbigniew Chmielowiec,23 Rzeszów,PiS,2001,Zbigniew.Chmielowiec@sejm.pl
Artur Chojecki,35 Olsztyn,PiS,2004,Artur.Chojecki@sejm.pl
Kazimierz Bogusław Choma,6 Lublin,PiS,2007,Kazimierz.Choma@sejm.pl
Dominika Chorosińska,20 Warszawa,PiS,1994,Dominika.Chorosinska@sejm.pl
Tadeusz Chrzan,22 Krosno,PiS,2009,Tadeusz.Chrzan@sejm.pl
Alicja Chybicka,3 Wrocław,KO,2013,Alicja.Chybicka@sejm.pl
Anna Ewa Cicholska,16 Płock,PiS,2016,Anna.Cicholska@sejm.pl
Janusz Cichoń,35 Olsztyn,KO,2017,Janusz.Cichon@sejm.pl
Krzysztof Ciecióra,10 Piotrków Trybunalski,PiS,1996,Krzysztof.Cieciora@sejm.pl
Janusz Cieszyński,35 Olsztyn,PiS,2017,Janusz.Cieszynski@sejm.pl
Michał Cieślak,33 Kielce,PiS,2014,Michal.Cieslak@sejm.pl
Żaneta Cwalina-Śliwowska,18 Siedlce,Polska2050-TD,2013,Zaneta.Cwalina-Sliwowska@sejm.pl
Krzysztof Czarnecki,38 Piła,PiS,1998,Krzysztof.Czarnecki@sejm.pl
Witold Wojciech Czarnecki,37 Konin,PiS,2011,Witold.Czarnecki@sejm.pl
Przemysław Czarnek,6 Lublin,PiS,2012,Przemyslaw.Czarnek@sejm.pl
Arkadiusz Czartoryski,18 Siedlce,PiS,2009,Arkadiusz.Czartoryski@sejm.pl
Włodzimierz Czarzasty,32 Katowice,Lewica,2020,Wlodzimierz.Czarzasty@sejm.pl
Jacek Czerniak,6 Lublin,Lewica,1993,Jacek.Czerniak@sejm.pl
Zofia Czernow,1 Legnica,KO,1993,Zofia.Czernow@sejm.pl
Anita Czerwińska,20 Warszawa,PiS,2011,Anita.Czerwinska@sejm.pl
Katarzyna Czochara,21 Opole,PiS,2020,Katarzyna.Czochara@sejm.pl
Sławomir Ćwik,7 Chełm,Polska2050-TD,2003,Slawomir.Cwik@sejm.pl
Władysław Dajczak,8 Zielona Góra,PiS,2013,Wladyslaw.Dajczak@sejm.pl
Anna Dąbrowska-Banaszek,7 Chełm,PiS,2009,Anna.Dabrowska-Banaszek@sejm.pl
Zbigniew Dolata,37 Konin,PiS,2022,Zbigniew.Dolata@sejm.pl
Barbara Dolniak,32 Katowice,KO,2011,Barbara.Dolniak@sejm.pl
Andrzej Domański,19 Warszawa,KO,1996,Andrzej.Domanski@sejm.pl
Bartłomiej Dorywalski,33 Kielce,PiS,2007,Bartlomiej.Dorywalski@sejm.pl
Robert Dowhan,8 Zielona Góra,KO,2009,Robert.Dowhan@sejm.pl
Przemysław Drabek,27 Bielsko-Biała,PiS,2021,Przemyslaw.Drabek@sejm.pl
Elżbieta Duda,13 Kraków,PiS,2003,Elzbieta.Duda@sejm.pl
Michał Paweł Dworczyk,2 Wałbrzych,PiS,2001,Michal.Dworczyk@sejm.pl
Adam Dziedzic,23 Rzeszów,PSL-TD,1997,Adam.Dziedzic@sejm.pl
Jan Michał Dziedziczak,36 Kalisz,PiS,2020,Jan.Dziedziczak@sejm.pl
Agnieszka Dziemianowicz-Bąk,26 Słupsk,Lewica,2004,Agnieszka.Dziemianowicz-Bak@sejm.pl
Magdalena Filiks,41 Szczecin,KO,2015,Magdalena.Filiks@sejm.pl
Magdalena Filipek-Sobczak,6 Lublin,PiS,2016,Magdalena.Filipek-Sobczak@sejm.pl
Radosław Fogiel,17 Radom,PiS,2007,Radoslaw.Fogiel@sejm.pl
Bronisław Foltyn,27 Bielsko-Biała,Konfederacja,2011,Bronislaw.Foltyn@sejm.pl
Roman Fritz,30 Bielsko-Biała,Konfederacja,2021,Roman.Fritz@sejm.pl
Joanna Frydrych,22 Krosno,KO,2011,Joanna.Frydrych@sejm.pl
Konrad Frysztak,17 Radom,KO,2008,Konrad.Frysztak@sejm.pl
Patryk Gabriel,25 Gdańsk,KO,1994,Patryk.Gabriel@sejm.pl
Krzysztof Gadowski,30 Bielsko-Biała,KO,2009,Krzysztof.Gadowski@sejm.pl
Aleksandra Gajewska,19 Warszawa,KO,2001,Aleksandra.Gajewska@sejm.pl
Kinga Gajewska,20 Warszawa,KO,2001,Kinga.Gajewska@sejm.pl
Elżbieta Gapińska,16 Płock,KO,2020,Elzbieta.Gapinska@sejm.pl
Kamila Gasiuk-Pihowicz,18 Siedlce,KO,2015,Kamila.Gasiuk-Pihowicz@sejm.pl
Krzysztof Gawkowski,4 Bydgoszcz,Lewica,2012,Krzysztof.Gawkowski@sejm.pl
Zdzisław Gawlik,23 Rzeszów,KO,2011,Zdzislaw.Gawlik@sejm.pl
Andrzej Gawron,28 Częstochowa,PiS,2018,Andrzej.Gawron@sejm.pl
Grzegorz Gaża,27 Bielsko-Biała,PiS,2000,Grzegorz.Gaza@sejm.pl
Elżbieta Gelert,34 Elbląg,KO,2001,Elzbieta.Gelert@sejm.pl
Anna Gembicka,5 Toruń,PiS,2016,Anna.Gembicka@sejm.pl
Artur Daniel Gierada,33 Kielce,KO,2002,Artur.Gierada@sejm.pl
Roman Giertych,33 Kielce,KO,1996,Roman.Giertych@sejm.pl
Włodzisław Giziński,4 Bydgoszcz,KO,2004,Wlodzislaw.Gizinski@sejm.pl
Szymon Giżyński,28 Częstochowa,PiS,2015,Szymon.Gizynski@sejm.pl
Piotr Gliński,19 Warszawa,PiS,2003,Piotr.Glinski@sejm.pl
Tomasz Głogowski,29 Katowice,KO,1993,Tomasz.Glogowski@sejm.pl
Piotr Głowski,38 Piła,KO,2001,Piotr.Glowski@sejm.pl
Marta Golbik,29 Katowice,KO,2009,Marta.Golbik@sejm.pl
Małgorzata Golińska,40 Koszalin,PiS,1993,Malgorzata.Golinska@sejm.pl
Kazimierz Gołojuch,23 Rzeszów,PiS,2018,Kazimierz.Golojuch@sejm.pl
Adam Gomoła,21 Opole,Polska2050-TD,2004,Adam.Gomola@sejm.pl
Robert Gontarz,34 Elbląg,PiS,2021,Robert.Gontarz@sejm.pl
Stanisław Gorczyca,34 Elbląg,KO,1996,Stanislaw.Gorczyca@sejm.pl
Mariusz Gosek,33 Kielce,PiS,2003,Mariusz.Gosek@sejm.pl
Daria Gosek-Popiołek,13 Kraków,Lewica,2007,Daria.Gosek-Popiolek@sejm.pl
Małgorzata Gosiewska,19 Warszawa,PiS,2001,Malgorzata.Gosiewska@sejm.pl
Piotr Górnikiewicz,15 Tarnów,Polska2050-TD,2014,Piotr.Gornikiewicz@sejm.pl
Agnieszka Górska,17 Radom,PiS,2023,Agnieszka.Gorska@sejm.pl
Krzysztof Grabczuk,7 Chełm,KO,2001,Krzysztof.Grabczuk@sejm.pl
Jan Grabiec,20 Warszawa,KO,2021,Jan.Grabiec@sejm.pl
Marcin Grabowski,18 Siedlce,PiS,2017,Marcin.Grabowski@sejm.pl
Michał Gramatyka,31 Katowice,Polska2050-TD,2015,Michal.Gramatyka@sejm.pl
Małgorzata Gromadzka,7 Chełm,KO,1999,Malgorzata.Gromadzka@sejm.pl
Marek Gróbarczyk,41 Szczecin,PiS,2010,Marek.Grobarczyk@sejm.pl
Andrzej Grzyb,36 Kalisz,PSL-TD,2000,Andrzej.Grzyb@sejm.pl
Andrzej Gut-Mostowy,14 Nowy Sącz,PiS,1993,Andrzej.Gut-Mostowy@sejm.pl
Kazimierz Gwiazdowski,24 Białystok,PiS,2013,Kazimierz.Gwiazdowski@sejm.pl
Marcin Gwóźdź,2 Wałbrzych,PiS,2009,Marcin.Gwozdz@sejm.pl
Marek Gzik,29 Katowice,KO,2020,Marek.Gzik@sejm.pl
Krzysztof Habura,11 Sieradz,KO,2021,Krzysztof.Habura@sejm.pl
Agnieszka Hanajczyk,11 Sieradz,KO,2012,Agnieszka.Hanajczyk@sejm.pl
Iwona Hartwich,5 Toruń,KO,2017,Iwona.Hartwich@sejm.pl
Paulina Hennig-Kloska,37 Konin,Polska2050-TD,2018,Paulina.Hennig-Kloska@sejm.pl
Krzysztof Hetman,6 Lublin,PSL-TD,1996,Krzysztof.Hetman@sejm.pl
Czesław Hoc,40 Koszalin,PiS,2001,Czeslaw.Hoc@sejm.pl
Zbigniew Hoffmann,37 Konin,PiS,2018,Zbigniew.Hoffmann@sejm.pl
Marek Tomasz Hok,40 Koszalin,KO,2008,Marek.Hok@sejm.pl
Szymon Hołownia,24 Białystok,Polska2050-TD,2020,Szymon.Holownia@sejm.pl
Marcin Horała,26 Słupsk,PiS,2021,Marcin.Horala@sejm.pl
Łukasz Horbatowski,1 Legnica,KO,2009,Lukasz.Horbatowski@sejm.pl
Paweł Hreniak,3 Wrocław,PiS,2014,Pawel.Hreniak@sejm.pl
Paweł Jabłoński,30 Bielsko-Biała,PiS,1999,Pawel.Jablonski@sejm.pl
Klaudia Jachira,19 Warszawa,KO,1992,Klaudia.Jachira@sejm.pl
Marek Jakubiak,19 Warszawa,Kukiz15,1993,Marek.Jakubiak@sejm.pl
Maria Małgorzata Janyska,38 Piła,KO,2008,Maria.Janyska@sejm.pl
Michał Jaros,3 Wrocław,KO,1998,Michal.Jaros@sejm.pl
Patryk Jaskulski,41 Szczecin,KO,2005,Patryk.Jaskulski@sejm.pl
Danuta Jazłowiecka,21 Opole,KO,2004,Danuta.Jazlowiecka@sejm.pl
Dariusz Joński,9 Łódź,KO,2012,Dariusz.Jonski@sejm.pl
Marcin Józefaciuk,9 Łódź,KO,2006,Marcin.Jozefaciuk@sejm.pl
Norbert Jakub Kaczmarczyk,15 Tarnów,PiS,2007,Norbert.Kaczmarczyk@sejm.pl
Filip Kaczyński,12 Kraków,PiS,2004,Filip.Kaczynski@sejm.pl
Jarosław Kaczyński,33 Kielce,PiS,2005,Jaroslaw.Kaczynski@sejm.pl
Piotr Kaleta,36 Kalisz,PiS,1998,Piotr.Kaleta@sejm.pl
Sebastian Kaleta,19 Warszawa,PiS,1994,Sebastian.Kaleta@sejm.pl
Mariusz Kałużny,5 Toruń,PiS,2013,Mariusz.Kaluzny@sejm.pl
Mariusz Kamiński,7 Chełm,PiS,1998,Mariusz.Kaminski@sejm.pl
Piotr Kandyba,20 Warszawa,KO,2010,Piotr.Kandyba@sejm.pl
Jan Kanthak,6 Lublin,PiS,2003,Jan.Kanthak@sejm.pl
Fryderyk Sylwester Kapinos,23 Rzeszów,PiS,1992,Fryderyk.Kapinos@sejm.pl
Jacek Karnowski,25 Gdańsk,KO,2007,Jacek.Karnowski@sejm.pl
Iwona Karolewska,4 Bydgoszcz,KO,2012,Iwona.Karolewska@sejm.pl
Rafał Kasprzyk,33 Kielce,Polska2050-TD,1996,Rafal.Kasprzyk@sejm.pl
Henryk Kiepura,28 Częstochowa,PSL-TD,2013,Henryk.Kiepura@sejm.pl
Marcin Kierwiński,16 Płock,KO,2001,Marcin.Kierwinski@sejm.pl
Katarzyna Kierzek-Koperska,39 Poznań,KO,2014,Katarzyna.Kierzek-Koperska@sejm.pl
Dariusz Klimczak,10 Piotrków Trybunalski,PSL-TD,2006,Dariusz.Klimczak@sejm.pl
Joanna Kluzik-Rostkowska,17 Radom,KO,2009,Joanna.Kluzik-Rostkowska@sejm.pl
Agnieszka Maria Kłopotek,4 Bydgoszcz,PSL-TD,2014,Agnieszka.Klopotek@sejm.pl
Łukasz Kmita,12 Kraków,PiS,2016,Lukasz.Kmita@sejm.pl
Michał Kobosko,19 Warszawa,Polska2050-TD,2008,Michal.Kobosko@sejm.pl
Maria Koc,18 Siedlce,PiS,2001,Maria.Koc@sejm.pl
Ewa Kołodziej,31 Katowice,KO,2021,Ewa.Kolodziej@sejm.pl
Magdalena Małgorzata Kołodziejczak,25 Gdańsk,KO,2004,Magdalena.Kolodziejczak@sejm.pl
Michał Kołodziejczak,37 Konin,KO,2009,Michal.Kolodziejczak@sejm.pl
Rafał Komarewicz,13 Kraków,Polska2050-TD,2013,Rafal.Komarewicz@sejm.pl
Maciej Konieczny,31 Katowice,Lewica,2009,Maciej.Konieczny@sejm.pl
Zbigniew Konwiński,26 Słupsk,KO,1999,Zbigniew.Konwinski@sejm.pl
Władysław Kosiniak-Kamysz,15 Tarnów,PSL-TD,2013,Wladyslaw.Kosiniak-Kamysz@sejm.pl
Tomasz Kostuś,21 Opole,KO,2016,Tomasz.Kostus@sejm.pl
Andrzej Kosztowniak,17 Radom,PiS,1992,Andrzej.Kosztowniak@sejm.pl
Katarzyna Kotula,25 Gdańsk,Lewica,2022,Katarzyna.Kotula@sejm.pl
Paweł Kowal,23 Rzeszów,KO,2001,Pawel.Kowal@sejm.pl
Henryk Kowalczyk,18 Siedlce,PiS,2008,Henryk.Kowalczyk@sejm.pl
Janusz Kowalski,21 Opole,PiS,2012,Janusz.Kowalski@sejm.pl
Bartosz Józef Kownacki,4 Bydgoszcz,PiS,2012,Bartosz.Kownacki@sejm.pl
Iwona Maria Kozłowska,4 Bydgoszcz,KO,2012,Iwona.Kozlowska@sejm.pl
Stefan Krajewski,24 Białystok,PSL-TD,2015,Stefan.Krajewski@sejm.pl
Wiesław Krajewski,15 Tarnów,PiS,2020,Wieslaw.Krajewski@sejm.pl
Leonard Krasulski,34 Elbląg,PiS,2015,Leonard.Krasulski@sejm.pl
Iwona Małgorzata Krawczyk,1 Legnica,KO,2004,Iwona.Krawczyk@sejm.pl
Michał Krawczyk,6 Lublin,KO,2002,Michal.Krawczyk@sejm.pl
Robert Kropiwnicki,1 Legnica,KO,2000,Robert.Kropiwnicki@sejm.pl
Piotr Król,4 Bydgoszcz,PiS,1997,Piotr.Krol@sejm.pl
Wojciech Król,31 Katowice,KO,2001,Wojciech.Krol@sejm.pl
Anna Krupka,33 Kielce,PiS,1993,Anna.Krupka@sejm.pl
Andrzej Kryj,33 Kielce,PiS,2014,Andrzej.Kryj@sejm.pl
Mariusz Krystian,12 Kraków,PiS,2005,Mariusz.Krystian@sejm.pl
Marek Krząkała,30 Bielsko-Biała,KO,2001,Marek.Krzakala@sejm.pl
Adam Krzemiński,16 Płock,KO,2010,Adam.Krzeminski@sejm.pl
Henryka Krzywonos-Strycharska,26 Słupsk,KO,1996,Henryka.Krzywonos-Strycharska@sejm.pl
Krzysztof Kubów,1 Legnica,PiS,2001,Krzysztof.Kubow@sejm.pl
Anita Kucharska-Dziedzic,8 Zielona Góra,Lewica,2003,Anita.Kucharska-Dziedzic@sejm.pl
Marek Kuchciński,22 Krosno,PiS,2014,Marek.Kuchcinski@sejm.pl
Paweł Kukiz,21 Opole,Kukiz15,1999,Pawel.Kukiz@sejm.pl
Marcin Kulasek,35 Olsztyn,Lewica,2019,Marcin.Kulasek@sejm.pl
Maria Kurowska,22 Krosno,PiS,2020,Maria.Kurowska@sejm.pl
Władysław Kurowski,12 Kraków,PiS,2009,Wladyslaw.Kurowski@sejm.pl
Zbigniew Krzysztof Kuźmiuk,17 Radom,PiS,2004,Zbigniew.Kuzmiuk@sejm.pl
Anna Kwiecień,17 Radom,PiS,1993,Anna.Kwiecien@sejm.pl
Piotr Lachowicz,14 Nowy Sącz,KO,1994,Piotr.Lachowicz@sejm.pl
Stanisław Lamczyk,26 Słupsk,KO,2011,Stanislaw.Lamczyk@sejm.pl
Maciej Lasek,20 Warszawa,KO,2008,Maciej.Lasek@sejm.pl
Gabriela Lenartowicz,30 Bielsko-Biała,KO,2011,Gabriela.Lenartowicz@sejm.pl
Ewa Leniart,23 Rzeszów,PiS,1996,Ewa.Leniart@sejm.pl
Aleksandra Leo,2 Wałbrzych,Polska2050-TD,1995,Aleksandra.Leo@sejm.pl
Izabela Leszczyna,28 Częstochowa,KO,2020,Izabela.Leszczyna@sejm.pl
Joanna Lichocka,11 Sieradz,PiS,2002,Joanna.Lichocka@sejm.pl
Krzysztof Lipiec,33 Kielce,PiS,2012,Krzysztof.Lipiec@sejm.pl
Łukasz Litewka,32 Katowice,Lewica,2014,Lukasz.Litewka@sejm.pl
Grzegorz Lorek,10 Piotrków Trybunalski,PiS,1992,Grzegorz.Lorek@sejm.pl
Radosław Lubczyk,40 Koszalin,PSL-TD,2005,Radoslaw.Lubczyk@sejm.pl
Katarzyna Anna Lubnauer,19 Warszawa,KO,1999,Katarzyna.Lubnauer@sejm.pl
Adam Luboński,38 Piła,Polska2050-TD,1993,Adam.Lubonski@sejm.pl
Artur Jarosław Łącki,41 Szczecin,KO,2018,Artur.Lacki@sejm.pl
Alicja Łepkowska-Gołaś,24 Białystok,KO,2023,Alicja.Lepkowska-Golas@sejm.pl
Dorota Łoboda,19 Warszawa,KO,2004,Dorota.Loboda@sejm.pl
Krystian Łuczak,5 Toruń,KO,2008,Krystian.Luczak@sejm.pl
Sebastian Łukaszewicz,24 Białystok,PiS,2014,Sebastian.Lukaszewicz@sejm.pl
Marzena Anna Machałek,1 Legnica,PiS,1994,Marzena.Machalek@sejm.pl
Antoni Macierewicz,10 Piotrków Trybunalski,PiS,2020,Antoni.Macierewicz@sejm.pl
Marlena Magdalena Maląg,36 Kalisz,PiS,2021,Marlena.Malag@sejm.pl
Ewa Malik,32 Katowice,PiS,2013,Ewa.Malik@sejm.pl
Mirosław Maliszewski,17 Radom,PSL-TD,1995,Miroslaw.Maliszewski@sejm.pl
Maciej Małecki,16 Płock,PiS,2014,Maciej.Malecki@sejm.pl
Arkadiusz Marchewka,41 Szczecin,KO,2006,Arkadiusz.Marchewka@sejm.pl
Jagna Marczułajtis-Walczak,13 Kraków,KO,2008,Jagna.Marczulajtis-Walczak@sejm.pl
Dorota Marek,13 Kraków,KO,1995,Dorota.Marek@sejm.pl
Dariusz Matecki,41 Szczecin,PiS,2017,Dariusz.Matecki@sejm.pl
Jerzy Materna,8 Zielona Góra,PiS,1998,Jerzy.Materna@sejm.pl
Grzegorz Matusiak,30 Bielsko-Biała,PiS,1999,Grzegorz.Matusiak@sejm.pl
Katarzyna Matusik-Lipiec,13 Kraków,KO,1994,Katarzyna.Matusik-Lipiec@sejm.pl
Marek Matuszewski,11 Sieradz,PiS,2009,Marek.Matuszewski@sejm.pl
Paulina Matysiak,11 Sieradz,Lewica,2021,Paulina.Matysiak@sejm.pl
Łukasz Mejza,8 Zielona Góra,PiS,2008,Lukasz.Mejza@sejm.pl
Sławomir Mentzen,19 Warszawa,Konfederacja,2003,Slawomir.Mentzen@sejm.pl
Anna Milczanowska,10 Piotrków Trybunalski,PiS,2005,Anna.Milczanowska@sejm.pl
Daniel Milewski,18 Siedlce,PiS,2001,Daniel.Milewski@sejm.pl
Rajmund Miller,21 Opole,KO,2007,Rajmund.Miller@sejm.pl
Aleksander Miszalski,13 Kraków,KO,2016,Aleksander.Miszalski@sejm.pl
Mateusz Morawiecki,31 Katowice,PiS,2003,Mateusz.Morawiecki@sejm.pl
Jan Mosiński,36 Kalisz,PiS,2004,Jan.Mosinski@sejm.pl
Michał Moskal,6 Lublin,PiS,2017,Michal.Moskal@sejm.pl
Czesław Mroczek,18 Siedlce,KO,2003,Czeslaw.Mroczek@sejm.pl
Aleksander Mikołaj Mrówczyński,26 Słupsk,PiS,2014,Aleksander.Mrowczynski@sejm.pl
Izabela Katarzyna Mrzygłocka,2 Wałbrzych,KO,2003,Izabela.Mrzyglocka@sejm.pl
Joanna Mucha,6 Lublin,Polska2050-TD,2011,Joanna.Mucha@sejm.pl
Arkadiusz Mularczyk,14 Nowy Sącz,PiS,2019,Arkadiusz.Mularczyk@sejm.pl
Krzysztof Mulawa,18 Siedlce,Konfederacja,1999,Krzysztof.Mulawa@sejm.pl
Piotr Müller,26 Słupsk,PiS,2021,Piotr.Muller@sejm.pl
Arkadiusz Myrcha,5 Toruń,KO,2022,Arkadiusz.Myrcha@sejm.pl
Grzegorz Bernard Napieralski,41 Szczecin,KO,2005,Grzegorz.Napieralski@sejm.pl
Dorota Niedziela,12 Kraków,KO,2003,Dorota.Niedziela@sejm.pl
Jacek Niedźwiedzki,24 Białystok,KO,2010,Jacek.Niedzwiedzki@sejm.pl
Małgorzata Niemczyk,9 Łódź,KO,1998,Malgorzata.Niemczyk@sejm.pl
Jolanta Niezgodzka,3 Wrocław,KO,1997,Jolanta.Niezgodzka@sejm.pl
Sławomir Nitras,41 Szczecin,KO,1997,Slawomir.Nitras@sejm.pl
Barbara Nowacka,26 Słupsk,KO,2013,Barbara.Nowacka@sejm.pl
Maja Ewa Nowak,8 Zielona Góra,Polska2050-TD,2016,Maja.Nowak@sejm.pl
Tomasz Piotr Nowak,37 Konin,KO,2001,Tomasz.Nowak@sejm.pl
Wanda Nowicka,29 Katowice,Lewica,2002,Wanda.Nowicka@sejm.pl
Urszula Nowogórska,14 Nowy Sącz,PSL-TD,1994,Urszula.Nowogorska@sejm.pl
Mirosława Nykiel,27 Bielsko-Biała,KO,2000,Miroslawa.Nykiel@sejm.pl
Marcin Ociepa,21 Opole,PiS,2002,Marcin.Ociepa@sejm.pl
Marzena Okła-Drewnowicz,33 Kielce,KO,2003,Marzena.Okla-Drewnowicz@sejm.pl
Barbara Okuła,24 Białystok,Polska2050-TD,2019,Barbara.Okula@sejm.pl
Barbara Oliwiecka,36 Kalisz,Polska2050-TD,2017,Barbara.Oliwiecka@sejm.pl
Dorota Olko,19 Warszawa,Lewica,2011,Dorota.Olko@sejm.pl
Paweł Olszewski,4 Bydgoszcz,KO,2012,Pawel.Olszewski@sejm.pl
Mirosław Adam Orliński,16 Płock,PSL-TD,2002,Miroslaw.Orlinski@sejm.pl
Łukasz Osmalak,30 Bielsko-Biała,Polska2050-TD,2006,Lukasz.Osmalak@sejm.pl
Katarzyna Osos,8 Zielona Góra,KO,2006,Katarzyna.Osos@sejm.pl
Jacek Osuch,13 Kraków,PiS,1995,Jacek.Osuch@sejm.pl
Jacek Ozdoba,16 Płock,PiS,2001,Jacek.Ozdoba@sejm.pl
Teresa Pamuła,22 Krosno,PiS,1995,Teresa.Pamula@sejm.pl
Paweł Papke,35 Olsztyn,KO,2010,Pawel.Papke@sejm.pl
Urszula Pasławska,35 Olsztyn,PSL-TD,1996,Urszula.Paslawska@sejm.pl
Krzysztof Paszyk,38 Piła,PSL-TD,2013,Krzysztof.Paszyk@sejm.pl
Karolina Pawliczak,36 Kalisz,KO,1998,Karolina.Pawliczak@sejm.pl
Bartłomiej Pejo,6 Lublin,Konfederacja,2019,Bartlomiej.Pejo@sejm.pl
Ryszard Petru,19 Warszawa,Polska2050-TD,2017,Ryszard.Petru@sejm.pl
Małgorzata Pępek,27 Bielsko-Biała,KO,2013,Malgorzata.Pepek@sejm.pl
Bolesław Piecha,30 Bielsko-Biała,PiS,2004,Boleslaw.Piecha@sejm.pl
Grzegorz Piechowiak,38 Piła,PiS,2009,Grzegorz.Piechowiak@sejm.pl
Anna Pieczarka,15 Tarnów,PiS,2008,Anna.Pieczarka@sejm.pl
Katarzyna Maria Piekarska,19 Warszawa,KO,2000,Katarzyna.Piekarska@sejm.pl
Norbert Pietrykowski,4 Bydgoszcz,Polska2050-TD,2006,Norbert.Pietrykowski@sejm.pl
Lucjan Marek Pietrzczyk,33 Kielce,KO,1999,Lucjan.Pietrzczyk@sejm.pl
Dariusz Piontkowski,24 Białystok,PiS,2006,Dariusz.Piontkowski@sejm.pl
Kazimierz Plocke,26 Słupsk,KO,2020,Kazimierz.Plocke@sejm.pl
Grzegorz Adam Płaczek,31 Katowice,Konfederacja,2010,Grzegorz.Placzek@sejm.pl
Kacper Płażyński,25 Gdańsk,PiS,2013,Kacper.Plazynski@sejm.pl
Szymon Pogoda,1 Legnica,PiS,2001,Szymon.Pogoda@sejm.pl
Jerzy Polaczek,31 Katowice,PiS,1999,Jerzy.Polaczek@sejm.pl
Elżbieta Anna Polak,8 Zielona Góra,KO,2017,Elzbieta.Polak@sejm.pl
Piotr Polak,11 Sieradz,PiS,2004,Piotr.Polak@sejm.pl
Agnieszka Pomaska,25 Gdańsk,KO,2016,Agnieszka.Pomaska@sejm.pl
Marcin Porzucek,38 Piła,PiS,2003,Marcin.Porzucek@sejm.pl
Jacek Protas,34 Elbląg,KO,2009,Jacek.Protas@sejm.pl
Marcin Przydacz,11 Sieradz,PiS,1997,Marcin.Przydacz@sejm.pl
Grzegorz Puda,27 Bielsko-Biała,PiS,2010,Grzegorz.Puda@sejm.pl
Michał Pyrzyk,37 Konin,PSL-TD,2016,Michal.Pyrzyk@sejm.pl
Renata Rak,40 Koszalin,KO,1994,Renata.Rak@sejm.pl
Ireneusz Raś,13 Kraków,PSL-TD,1993,Ireneusz.Ras@sejm.pl
Zbigniew Rau,9 Łódź,PiS,2020,Zbigniew.Rau@sejm.pl
Marcin Romanowski,7 Chełm,PiS,2004,Marcin.Romanowski@sejm.pl
Bartosz Romowicz,22 Krosno,Polska2050-TD,2009,Bartosz.Romowicz@sejm.pl
Monika Rosa,31 Katowice,KO,1999,Monika.Rosa@sejm.pl
Wiesław Różyński,7 Chełm,PSL-TD,1997,Wieslaw.Rozynski@sejm.pl
Urszula Rusecka,15 Tarnów,PiS,2012,Urszula.Rusecka@sejm.pl
Grzegorz Rusiecki,36 Kalisz,KO,1995,Grzegorz.Rusiecki@sejm.pl
Jakub Rutnicki,38 Piła,KO,2020,Jakub.Rutnicki@sejm.pl
Paweł Rychlik,11 Sieradz,PiS,2007,Pawel.Rychlik@sejm.pl
Marek Rząsa,22 Krosno,KO,2019,Marek.Rzasa@sejm.pl
Jarosław Rzepa,41 Szczecin,PSL-TD,2001,Jaroslaw.Rzepa@sejm.pl
Jarosław Sachajko,7 Chełm,Kukiz15,2015,Jaroslaw.Sachajko@sejm.pl
Paweł Sałek,10 Piotrków Trybunalski,PiS,1994,Pawel.Salek@sejm.pl
Wojciech Saługa,32 Katowice,KO,1996,Wojciech.Saluga@sejm.pl
Tadeusz Samborski,1 Legnica,PSL-TD,2015,Tadeusz.Samborski@sejm.pl
Jacek Sasin,24 Białystok,PiS,2017,Jacek.Sasin@sejm.pl
Marek Sawicki,18 Siedlce,PSL-TD,2015,Marek.Sawicki@sejm.pl
Ewa Schädler,39 Poznań,Polska2050-TD,2010,Ewa.Schadler@sejm.pl
Joanna Scheuring-Wielgus,5 Toruń,Lewica,2015,Joanna.Scheuring-Wielgus@sejm.pl
Anna Schmidt,22 Krosno,PiS,2012,Anna.Schmidt@sejm.pl
Łukasz Schreiber,4 Bydgoszcz,PiS,1997,Lukasz.Schreiber@sejm.pl
Jarosław Sellin,25 Gdańsk,PiS,2022,Jaroslaw.Sellin@sejm.pl
Olga Ewa Semeniuk-Patkowska,35 Olsztyn,PiS,2018,Olga.Semeniuk-Patkowska@sejm.pl
Edward Siarka,14 Nowy Sącz,PiS,2016,Edward.Siarka@sejm.pl
Krystyna Sibińska,8 Zielona Góra,KO,2011,Krystyna.Sibinska@sejm.pl
Czesław Siekierski,33 Kielce,PSL-TD,2015,Czeslaw.Siekierski@sejm.pl
Rafał Siemaszko,26 Słupsk,KO,2012,Rafal.Siemaszko@sejm.pl
Tomasz Siemoniak,21 Opole,KO,2021,Tomasz.Siemoniak@sejm.pl
Bartłomiej Sienkiewicz,13 Kraków,KO,1994,Bartlomiej.Sienkiewicz@sejm.pl
Arkadiusz Sikora,1 Legnica,Lewica,2003,Arkadiusz.Sikora@sejm.pl
Włodzimierz Skalik,21 Opole,Konfederacja,2013,Wlodzimierz.Skalik@sejm.pl
Marcin Skonieczka,5 Toruń,Polska2050-TD,2014,Marcin.Skonieczka@sejm.pl
Krystyna Skowrońska,23 Rzeszów,KO,2001,Krystyna.Skowronska@sejm.pl
Sławomir Skwarek,6 Lublin,PiS,1998,Slawomir.Skwarek@sejm.pl
Waldemar Sługocki,8 Zielona Góra,KO,2014,Waldemar.Slugocki@sejm.pl
Weronika Smarduch,14 Nowy Sącz,KO,2015,Weronika.Smarduch@sejm.pl
Kazimierz Smoliński,25 Gdańsk,PiS,2008,Kazimierz.Smolinski@sejm.pl
Anna Sobolak,3 Wrocław,KO,2021,Anna.Sobolak@sejm.pl
Krzysztof Sobolewski,23 Rzeszów,PiS,2003,Krzysztof.Sobolewski@sejm.pl
Artur Soboń,6 Lublin,PiS,2010,Artur.Sobon@sejm.pl
Agnieszka Anna Soin,3 Wrocław,PiS,2014,Agnieszka.Soin@sejm.pl
Zbigniew Sosnowski,5 Toruń,PSL-TD,2013,Zbigniew.Sosnowski@sejm.pl
Marek Sowa,12 Kraków,KO,2019,Marek.Sowa@sejm.pl
Katarzyna Sójka,36 Kalisz,PiS,2018,Katarzyna.Sojka@sejm.pl
Magdalena Sroka,25 Gdańsk,PSL-TD,2008,Magdalena.Sroka@sejm.pl
Mirosława Stachowiak-Różecka,3 Wrocław,PiS,2015,Miroslawa.Stachowiak-Rozecka@sejm.pl
Dariusz Stefaniuk,7 Chełm,PiS,2013,Dariusz.Stefaniuk@sejm.pl
Franciszek Sterczewski,39 Poznań,KO,2006,Franciszek.Sterczewski@sejm.pl
Piotr Paweł Strach,29 Katowice,Polska2050-TD,2014,Piotr.Strach@sejm.pl
Mirosław Suchoń,27 Bielsko-Biała,Polska2050-TD,2014,Miroslaw.Suchon@sejm.pl
Marek Suski,17 Radom,PiS,2012,Marek.Suski@sejm.pl
Paweł Suski,40 Koszalin,KO,2013,Pawel.Suski@sejm.pl
Artur Szałabawka,41 Szczecin,PiS,2020,Artur.Szalabawka@sejm.pl
Wojciech Szarama,29 Katowice,PiS,2007,Wojciech.Szarama@sejm.pl
Wiesław Szczepański,36 Kalisz,Lewica,2022,Wieslaw.Szczepanski@sejm.pl
Michał Szczerba,19 Warszawa,KO,2009,Michal.Szczerba@sejm.pl
Krzysztof Szczucki,5 Toruń,PiS,2005,Krzysztof.Szczucki@sejm.pl
Józefa Szczurek-Żelazko,15 Tarnów,PiS,2009,Jozefa.Szczurek-Zelazko@sejm.pl
Paweł Szefernaker,40 Koszalin,PiS,1996,Pawel.Szefernaker@sejm.pl
Andrzej Szejna,33 Kielce,Lewica,1995,Andrzej.Szejna@sejm.pl
Andrzej Szewiński,28 Częstochowa,KO,2003,Andrzej.Szewinski@sejm.pl
Adam Szłapka,39 Poznań,KO,2017,Adam.Szlapka@sejm.pl
Henryk Szopiński,38 Piła,KO,2008,Henryk.Szopinski@sejm.pl
Paweł Szrot,4 Bydgoszcz,PiS,1993,Pawel.Szrot@sejm.pl
Krystyna Szumilas,29 Katowice,KO,1995,Krystyna.Szumilas@sejm.pl
Stanisław Szwed,27 Bielsko-Biała,PiS,2011,Stanislaw.Szwed@sejm.pl
Ewa Szymanowska,9 Łódź,Polska2050-TD,1993,Ewa.Szymanowska@sejm.pl
Tomasz Szymański,5 Toruń,KO,1999,Tomasz.Szymanski@sejm.pl
Szymon Szynkowski vel Sęk,39 Poznań,PiS,1999,Szymon.SzynkowskiVelSek@sejm.pl
Łukasz Ściebiorowski,31 Katowice,KO,2010,Lukasz.Sciebiorowski@sejm.pl
Agnieszka Ścigaj,13 Kraków,PiS,2001,Agnieszka.Scigaj@sejm.pl
Andrzej Śliwka,34 Elbląg,PiS,2011,Andrzej.Sliwka@sejm.pl
Paweł Śliz,12 Kraków,Polska2050-TD,2005,Pawel.Sliz@sejm.pl
Krzysztof Śmiszek,3 Wrocław,Lewica,1998,Krzysztof.Smiszek@sejm.pl
Jacek Świat,3 Wrocław,PiS,2007,Jacek.Swiat@sejm.pl
Apoloniusz Tajner,27 Bielsko-Biała,KO,2006,Apoloniusz.Tajner@sejm.pl
Krzysztof Tchórzewski,18 Siedlce,PiS,2004,Krzysztof.Tchorzewski@sejm.pl
Robert Telus,10 Piotrków Trybunalski,PiS,2005,Robert.Telus@sejm.pl
Ryszard Terlecki,14 Nowy Sącz,PiS,2021,Ryszard.Terlecki@sejm.pl
Tadeusz Tomaszewski,37 Konin,Lewica,2002,Tadeusz.Tomaszewski@sejm.pl
Jacek Tomczak,39 Poznań,PSL-TD,1996,Jacek.Tomczak@sejm.pl
Wioleta Tomczak,26 Słupsk,Polska2050-TD,2002,Wioleta.Tomczak@sejm.pl
Cezary Tomczyk,11 Sieradz,KO,1998,Cezary.Tomczyk@sejm.pl
Stanisław Tomczyszyn,8 Zielona Góra,PSL-TD,1997,Stanislaw.Tomczyszyn@sejm.pl
Małgorzata Tracz,3 Wrocław,KO,2015,Malgorzata.Tracz@sejm.pl
Tomasz Trela,9 Łódź,Lewica,1993,Tomasz.Trela@sejm.pl
Krzysztof Truskolaski,24 Białystok,KO,1998,Krzysztof.Truskolaski@sejm.pl
Krzysztof Tuduj,3 Wrocław,Konfederacja,1998,Krzysztof.Tuduj@sejm.pl
Sylwester Tułajew,6 Lublin,PiS,1993,Sylwester.Tulajew@sejm.pl
Witold Tumanowicz,7 Chełm,Konfederacja,2019,Witold.Tumanowicz@sejm.pl
Donald Tusk,19 Warszawa,KO,2001,Donald.Tusk@sejm.pl
Stanisław Tyszka,26 Słupsk,Konfederacja,2012,Stanislaw.Tyszka@sejm.pl
Katarzyna Ueberhan,39 Poznań,Lewica,1997,Katarzyna.Ueberhan@sejm.pl
Jarosław Urbaniak,36 Kalisz,KO,2016,Jaroslaw.Urbaniak@sejm.pl
Piotr Uruski,22 Krosno,PiS,2012,Piotr.Uruski@sejm.pl
Piotr Uściński,20 Warszawa,PiS,2003,Piotr.Uscinski@sejm.pl
Jarosław Wałęsa,25 Gdańsk,KO,2010,Jaroslaw.Walesa@sejm.pl
Marcin Warchoł,23 Rzeszów,PiS,2010,Marcin.Warchol@sejm.pl
Robert Wardzała,15 Tarnów,KO,2011,Robert.Wardzala@sejm.pl
Robert Warwas,32 Katowice,PiS,2010,Robert.Warwas@sejm.pl
Jan Warzecha,23 Rzeszów,PiS,2002,Jan.Warzecha@sejm.pl
Małgorzata Wassermann,13 Kraków,PiS,2007,Malgorzata.Wassermann@sejm.pl
Michał Wawer,33 Kielce,Konfederacja,2022,Michal.Wawer@sejm.pl
Maciej Wąsik,16 Płock,PiS,2007,Maciej.Wasik@sejm.pl
Marta Wcisło,6 Lublin,KO,1997,Marta.Wcislo@sejm.pl
Rafał Weber,23 Rzeszów,PiS,2022,Rafal.Weber@sejm.pl
Marek Wesoły,31 Katowice,PiS,2020,Marek.Wesoly@sejm.pl
Joanna Wicha,20 Warszawa,Lewica,2014,Joanna.Wicha@sejm.pl
Patryk Wicher,14 Nowy Sącz,PiS,2014,Patryk.Wicher@sejm.pl
Dariusz Wieczorek,41 Szczecin,Lewica,2000,Dariusz.Wieczorek@sejm.pl
Jarosław Wiesław Wieczorek,29 Katowice,PiS,1997,Jaroslaw.Wieczorek@sejm.pl
Monika Wielichowska,2 Wałbrzych,KO,2019,Monika.Wielichowska@sejm.pl
Ryszard Wilk,14 Nowy Sącz,Konfederacja,1999,Ryszard.Wilk@sejm.pl
Teresa Wilk,34 Elbląg,PiS,1994,Teresa.Wilk@sejm.pl
Przemysław Wipler,5 Toruń,Konfederacja,2008,Przemyslaw.Wipler@sejm.pl
Aleksandra Karolina Wiśniewska,9 Łódź,KO,1996,Aleksandra.Wisniewska@sejm.pl
Adrian Witczak,10 Piotrków Trybunalski,KO,2003,Adrian.Witczak@sejm.pl
Mariusz Witczak,36 Kalisz,KO,2009,Mariusz.Witczak@sejm.pl
Elżbieta Witek,1 Legnica,PiS,2006,Elzbieta.Witek@sejm.pl
Przemysław Witek,28 Częstochowa,KO,2007,Przemyslaw.Witek@sejm.pl
Kamil Wnuk,32 Katowice,Polska2050-TD,2001,Kamil.Wnuk@sejm.pl
Anna Wojciechowska,35 Olsztyn,KO,1994,Anna.Wojciechowska@sejm.pl
Agnieszka Wojciechowska van Heukelom,9 Łódź,PiS,1993,Agnieszka.WojciechowskavanHeukelom@sejm.pl
Agata Wojtyszek,33 Kielce,PiS,2000,Agata.Wojtyszek@sejm.pl
Bogusław Wołoszański,10 Piotrków Trybunalski,KO,2001,Boguslaw.Woloszanski@sejm.pl
Michał Woś,30 Bielsko-Biała,PiS,2015,Michal.Wos@sejm.pl
Grzegorz Woźniak,18 Siedlce,PiS,2005,Grzegorz.Wozniak@sejm.pl
Tadeusz Woźniak,11 Sieradz,PiS,2009,Tadeusz.Wozniak@sejm.pl
Michał Wójcik,31 Katowice,PiS,2006,Michal.Wojcik@sejm.pl
Maciej Wróbel,35 Olsztyn,KO,2007,Maciej.Wrobel@sejm.pl
Bartłomiej Wróblewski,39 Poznań,PiS,2010,Bartlomiej.Wroblewski@sejm.pl
Paweł Zalewski,20 Warszawa,Polska2050-TD,1998,Pawel.Zalewski@sejm.pl
Adrian Zandberg,19 Warszawa,Lewica,2019,Adrian.Zandberg@sejm.pl
Andrzej Tomasz Zapałowski,22 Krosno,Konfederacja,2017,Andrzej.Zapalowski@sejm.pl
Bartosz Zawieja,39 Poznań,KO,2021,Bartosz.Zawieja@sejm.pl
Marcelina Zawisza,21 Opole,Lewica,2020,Marcelina.Zawisza@sejm.pl
Sławomir Zawiślak,7 Chełm,PiS,2014,Slawomir.Zawislak@sejm.pl
Bogdan Andrzej Zdrojewski,3 Wrocław,KO,2005,Bogdan.Zdrojewski@sejm.pl
Witold Zembaczyński,21 Opole,KO,1995,Witold.Zembaczynski@sejm.pl
Piotr Zgorzelski,16 Płock,PSL-TD,2006,Piotr.Zgorzelski@sejm.pl
Zbigniew Ziejewski,34 Elbląg,PSL-TD,1995,Zbigniew.Ziejewski@sejm.pl
Urszula Sara Zielińska,19 Warszawa,KO,2020,Urszula.Zielinska@sejm.pl
Jarosław Zieliński,24 Białystok,PiS,2003,Jaroslaw.Zielinski@sejm.pl
Tomasz Zieliński,7 Chełm,PiS,2003,Tomasz.Zielinski@sejm.pl
Jolanta Zięba-Gzik,11 Sieradz,PSL-TD,2010,Jolanta.Zieba-Gzik@sejm.pl
Tomasz Zimoch,3 Wrocław,Polska2050-TD,1993,Tomasz.Zimoch@sejm.pl
Zbigniew Ziobro,23 Rzeszów,PiS,2005,Zbigniew.Ziobro@sejm.pl
Wojciech Michał Zubowski,1 Legnica,PiS,2011,Wojciech.Zubowski@sejm.pl
Ireneusz Zyska,2 Wałbrzych,PiS,2018,Ireneusz.Zyska@sejm.pl
Bożena Żelazowska,20 Warszawa,PSL-TD,2000,Bozena.Zelazowska@sejm.pl
Anna Maria Żukowska,19 Warszawa,Lewica,2012,Anna.Zukowska@sejm.pl
Anna Baluch,6 Lublin,PiS,2020,Anna.Baluch@sejm.pl
Magdalena Łośko,4 Bydgoszcz,KO,1993,Magdalena.Losko@sejm.pl
